record_id,timestamp,location,device_type,packets,attack_type,predicted_attack_type,is_threat,classification_confidence,anomaly_flag,anomaly_score,risk_score,severity,alert_message
LOGSEC-01425,2026-06-28 00:00:00,Chennai_Warehouse,Driver_Tablet,174.54616191721917,data_exfiltration,data_exfiltration,1,90.15,1,-0.1542,79.5,Critical,Potential data exfiltration detected at Chennai_Warehouse via Driver_Tablet
LOGSEC-01942,2026-08-31 15:00:00,Bengaluru_Fleet_HQ,Dispatch_Console,445.5506738809199,dos,dos,1,91.34,1,-0.1434,78.24,Critical,Potential dos detected at Bengaluru_Fleet_HQ via Dispatch_Console
LOGSEC-00608,2026-03-17 21:00:00,Pune_CrossDock,Warehouse_Server,449.74587044782174,dos,dos,1,97.61,1,-0.1435,78.07,Critical,Potential dos detected at Pune_CrossDock via Warehouse_Server
LOGSEC-01691,2026-07-31 06:00:00,Bengaluru_Fleet_HQ,Driver_Tablet,112.48640130975784,data_exfiltration,data_exfiltration,1,96.61,1,-0.1426,77.87,Critical,Potential data exfiltration detected at Bengaluru_Fleet_HQ via Driver_Tablet
LOGSEC-01491,2026-07-06 06:00:00,Delhi_Distribution_Center,Warehouse_Server,522.127956640631,dos,dos,1,91.36,1,-0.1319,77.53,Critical,Potential dos detected at Delhi_Distribution_Center via Warehouse_Server
LOGSEC-03017,2027-01-13 00:00:00,Bengaluru_Fleet_HQ,IoT_Scanner,197.960631773041,data_exfiltration,data_exfiltration,1,94.26,1,-0.1592,77.52,Critical,Potential data exfiltration detected at Bengaluru_Fleet_HQ via IoT_Scanner
LOGSEC-01658,2026-07-27 03:00:00,Chennai_Warehouse,Dispatch_Console,509.2100364034012,data_exfiltration,dos,1,90.57,1,-0.1324,76.96,Critical,Potential dos detected at Chennai_Warehouse via Dispatch_Console
LOGSEC-00588,2026-03-15 09:00:00,Bengaluru_Fleet_HQ,Driver_Tablet,592.55654899382,malware_beaconing,dos,1,91.0,1,-0.1471,76.79,Critical,Potential dos detected at Bengaluru_Fleet_HQ via Driver_Tablet
LOGSEC-02668,2026-11-30 09:00:00,Delhi_Distribution_Center,Warehouse_Server,731.1037779113719,dos,dos,1,96.04,1,-0.1409,76.59,Critical,Potential dos detected at Delhi_Distribution_Center via Warehouse_Server
LOGSEC-01454,2026-07-01 15:00:00,Mumbai_Hub,IoT_Scanner,144.4413636583622,data_exfiltration,data_exfiltration,1,92.53,1,-0.1553,76.5,Critical,Potential data exfiltration detected at Mumbai_Hub via IoT_Scanner
LOGSEC-00380,2026-02-17 09:00:00,Bengaluru_Fleet_HQ,Fleet_Gateway,474.05598359013686,dos,dos,1,95.45,1,-0.148,76.46,Critical,Potential dos detected at Bengaluru_Fleet_HQ via Fleet_Gateway
LOGSEC-01312,2026-06-13 21:00:00,Delhi_Distribution_Center,Dispatch_Console,416.27954906075786,dos,dos,1,92.75,1,-0.1255,76.36,Critical,Potential dos detected at Delhi_Distribution_Center via Dispatch_Console
LOGSEC-02391,2026-10-26 18:00:00,Chennai_Warehouse,Driver_Tablet,462.25335720303804,brute_force,dos,1,91.22,1,-0.1496,76.15,Critical,Potential dos detected at Chennai_Warehouse via Driver_Tablet
LOGSEC-00556,2026-03-11 09:00:00,Mumbai_Hub,IoT_Scanner,100.54342832046216,data_exfiltration,malware_beaconing,1,87.97,1,-0.1457,76.08,Critical,Potential malware beaconing detected at Mumbai_Hub via IoT_Scanner
LOGSEC-01931,2026-08-30 06:00:00,Mumbai_Hub,IoT_Scanner,634.8747967422216,dos,dos,1,89.2,1,-0.1411,76.06,Critical,Potential dos detected at Mumbai_Hub via IoT_Scanner
LOGSEC-01743,2026-08-06 18:00:00,Bengaluru_Fleet_HQ,Warehouse_Server,135.45140097077692,data_exfiltration,data_exfiltration,1,90.07,1,-0.1255,76.01,Critical,Potential data exfiltration detected at Bengaluru_Fleet_HQ via Warehouse_Server
LOGSEC-02033,2026-09-12 00:00:00,Chennai_Warehouse,Fleet_Gateway,689.8044115067781,dos,dos,1,87.48,1,-0.1415,75.97,High,Potential dos detected at Chennai_Warehouse via Fleet_Gateway
LOGSEC-00681,2026-03-27 00:00:00,Mumbai_Hub,Driver_Tablet,486.9221183390668,dos,dos,1,95.69,1,-0.0913,75.89,High,Potential dos detected at Mumbai_Hub via Driver_Tablet
LOGSEC-03947,2027-05-09 06:00:00,Mumbai_Hub,Dispatch_Console,547.9185628585699,dos,dos,1,97.06,1,-0.1473,75.87,High,Potential dos detected at Mumbai_Hub via Dispatch_Console
LOGSEC-01007,2026-05-06 18:00:00,Bengaluru_Fleet_HQ,Warehouse_Server,121.73422751088322,insider_scan,data_exfiltration,1,91.87,1,-0.0973,75.82,High,Potential data exfiltration detected at Bengaluru_Fleet_HQ via Warehouse_Server
LOGSEC-03095,2027-01-22 18:00:00,Bengaluru_Fleet_HQ,Driver_Tablet,161.9220943135606,data_exfiltration,data_exfiltration,1,90.32,1,-0.1228,75.71,High,Potential data exfiltration detected at Bengaluru_Fleet_HQ via Driver_Tablet
LOGSEC-03251,2027-02-11 06:00:00,Pune_CrossDock,IoT_Scanner,572.5989581585537,insider_scan,dos,1,95.21,1,-0.1485,75.66,High,Potential dos detected at Pune_CrossDock via IoT_Scanner
LOGSEC-03866,2027-04-29 03:00:00,Chennai_Warehouse,Fleet_Gateway,585.3813761620817,dos,dos,1,92.02,1,-0.148,75.35,High,Potential dos detected at Chennai_Warehouse via Fleet_Gateway
LOGSEC-02421,2026-10-30 12:00:00,Pune_CrossDock,Warehouse_Server,737.3665700371839,dos,dos,1,94.41,1,-0.1375,75.17,High,Potential dos detected at Pune_CrossDock via Warehouse_Server
LOGSEC-00715,2026-03-31 06:00:00,Bengaluru_Fleet_HQ,Fleet_Gateway,720.6402341594722,data_exfiltration,dos,1,93.09,1,-0.1439,75.14,High,Potential dos detected at Bengaluru_Fleet_HQ via Fleet_Gateway
LOGSEC-01193,2026-05-30 00:00:00,Chennai_Warehouse,Fleet_Gateway,123.63039276547102,data_exfiltration,data_exfiltration,1,86.9,1,-0.1331,75.11,High,Potential data exfiltration detected at Chennai_Warehouse via Fleet_Gateway
LOGSEC-00467,2026-02-28 06:00:00,Chennai_Warehouse,Fleet_Gateway,488.7860090698568,dos,dos,1,96.37,1,-0.1422,74.99,High,Potential dos detected at Chennai_Warehouse via Fleet_Gateway
LOGSEC-00689,2026-03-28 00:00:00,Delhi_Distribution_Center,Fleet_Gateway,640.6501439410747,dos,dos,1,90.33,1,-0.1103,74.86,High,Potential dos detected at Delhi_Distribution_Center via Fleet_Gateway
LOGSEC-03875,2027-04-30 06:00:00,Chennai_Warehouse,Dispatch_Console,502.5999024780122,dos,dos,1,92.76,1,-0.1277,74.84,High,Potential dos detected at Chennai_Warehouse via Dispatch_Console
LOGSEC-01672,2026-07-28 21:00:00,Delhi_Distribution_Center,IoT_Scanner,193.66208476198486,data_exfiltration,data_exfiltration,1,81.21,1,-0.1507,74.83,High,Potential data exfiltration detected at Delhi_Distribution_Center via IoT_Scanner
LOGSEC-00477,2026-03-01 12:00:00,Mumbai_Hub,Warehouse_Server,422.56804739859217,dos,dos,1,96.72,1,-0.1473,74.75,High,Potential dos detected at Mumbai_Hub via Warehouse_Server
LOGSEC-02170,2026-09-29 03:00:00,Bengaluru_Fleet_HQ,IoT_Scanner,581.189818178776,dos,dos,1,98.58,1,-0.1456,74.73,High,Potential dos detected at Bengaluru_Fleet_HQ via IoT_Scanner
LOGSEC-00702,2026-03-29 15:00:00,Pune_CrossDock,IoT_Scanner,526.9798089771863,dos,dos,1,95.37,1,-0.1314,74.62,High,Potential dos detected at Pune_CrossDock via IoT_Scanner
LOGSEC-00433,2026-02-24 00:00:00,Delhi_Distribution_Center,Dispatch_Console,153.7874819545424,data_exfiltration,data_exfiltration,1,91.64,1,-0.1213,74.62,High,Potential data exfiltration detected at Delhi_Distribution_Center via Dispatch_Console
LOGSEC-03009,2027-01-12 00:00:00,Pune_CrossDock,Warehouse_Server,561.4207321470656,dos,dos,1,91.6,1,-0.139,74.6,High,Potential dos detected at Pune_CrossDock via Warehouse_Server
LOGSEC-02221,2026-10-05 12:00:00,Pune_CrossDock,Fleet_Gateway,536.7932077121797,dos,dos,1,91.35,1,-0.1328,74.27,High,Potential dos detected at Pune_CrossDock via Fleet_Gateway
LOGSEC-01769,2026-08-10 00:00:00,Delhi_Distribution_Center,Warehouse_Server,538.878664079792,dos,dos,1,90.16,1,-0.1098,74.27,High,Potential dos detected at Delhi_Distribution_Center via Warehouse_Server
LOGSEC-00792,2026-04-09 21:00:00,Chennai_Warehouse,IoT_Scanner,550.2916503842713,dos,dos,1,94.53,1,-0.1467,74.2,High,Potential dos detected at Chennai_Warehouse via IoT_Scanner
LOGSEC-02563,2026-11-17 06:00:00,Mumbai_Hub,Dispatch_Console,601.5515878820452,dos,dos,1,97.92,1,-0.1361,74.05,High,Potential dos detected at Mumbai_Hub via Dispatch_Console
LOGSEC-03808,2027-04-21 21:00:00,Delhi_Distribution_Center,Warehouse_Server,462.13570744560747,dos,dos,1,98.07,1,-0.1116,74.0,High,Potential dos detected at Delhi_Distribution_Center via Warehouse_Server
LOGSEC-00942,2026-04-28 15:00:00,Chennai_Warehouse,Driver_Tablet,130.50138236649954,malware_beaconing,data_exfiltration,1,89.22,1,-0.1273,73.96,High,Potential data exfiltration detected at Chennai_Warehouse via Driver_Tablet
LOGSEC-00917,2026-04-25 12:00:00,Mumbai_Hub,Fleet_Gateway,621.771941557462,dos,dos,1,89.47,1,-0.1159,73.8,High,Potential dos detected at Mumbai_Hub via Fleet_Gateway
LOGSEC-00201,2026-01-26 00:00:00,Pune_CrossDock,IoT_Scanner,472.2897433987705,dos,dos,1,93.24,1,-0.1203,73.76,High,Potential dos detected at Pune_CrossDock via IoT_Scanner
LOGSEC-01099,2026-05-18 06:00:00,Chennai_Warehouse,Warehouse_Server,174.01022257076053,data_exfiltration,data_exfiltration,1,81.33,1,-0.116,73.73,High,Potential data exfiltration detected at Chennai_Warehouse via Warehouse_Server
LOGSEC-03905,2027-05-04 00:00:00,Pune_CrossDock,Driver_Tablet,238.00086167662954,data_exfiltration,data_exfiltration,1,81.2,1,-0.1493,73.56,High,Potential data exfiltration detected at Pune_CrossDock via Driver_Tablet
LOGSEC-03213,2027-02-06 12:00:00,Mumbai_Hub,Fleet_Gateway,490.561792900466,dos,dos,1,87.32,1,-0.1453,73.51,High,Potential dos detected at Mumbai_Hub via Fleet_Gateway
LOGSEC-00347,2026-02-13 06:00:00,Chennai_Warehouse,Dispatch_Console,492.5766399261849,dos,dos,1,93.85,1,-0.1195,73.49,High,Potential dos detected at Chennai_Warehouse via Dispatch_Console
LOGSEC-03530,2027-03-18 03:00:00,Chennai_Warehouse,Dispatch_Console,226.4850168299091,data_exfiltration,data_exfiltration,1,74.52,1,-0.1283,73.44,High,Potential data exfiltration detected at Chennai_Warehouse via Dispatch_Console
LOGSEC-01480,2026-07-04 21:00:00,Bengaluru_Fleet_HQ,IoT_Scanner,563.8042768318383,dos,dos,1,95.01,1,-0.1278,73.43,High,Potential dos detected at Bengaluru_Fleet_HQ via IoT_Scanner
LOGSEC-00007,2026-01-01 18:00:00,Mumbai_Hub,IoT_Scanner,739.4353831116125,dos,dos,1,96.68,1,-0.1318,73.42,High,Potential dos detected at Mumbai_Hub via IoT_Scanner
LOGSEC-01072,2026-05-14 21:00:00,Chennai_Warehouse,Fleet_Gateway,674.222207243166,dos,dos,1,92.44,1,-0.1157,73.4,High,Potential dos detected at Chennai_Warehouse via Fleet_Gateway
LOGSEC-02357,2026-10-22 12:00:00,Mumbai_Hub,Fleet_Gateway,127.1674611993532,normal,malware_beaconing,0,93.8,1,-0.1099,73.37,High,Potential malware beaconing detected at Mumbai_Hub via Fleet_Gateway
LOGSEC-03654,2027-04-02 15:00:00,Chennai_Warehouse,Dispatch_Console,110.00464427049432,data_exfiltration,data_exfiltration,1,77.59,1,-0.1295,73.36,High,Potential data exfiltration detected at Chennai_Warehouse via Dispatch_Console
LOGSEC-02204,2026-10-03 09:00:00,Delhi_Distribution_Center,IoT_Scanner,147.622310424649,data_exfiltration,data_exfiltration,1,89.39,1,-0.1221,73.31,High,Potential data exfiltration detected at Delhi_Distribution_Center via IoT_Scanner
LOGSEC-02720,2026-12-06 21:00:00,Bengaluru_Fleet_HQ,IoT_Scanner,201.86340623408773,data_exfiltration,data_exfiltration,1,96.46,1,-0.1221,73.28,High,Potential data exfiltration detected at Bengaluru_Fleet_HQ via IoT_Scanner
LOGSEC-02553,2026-11-16 00:00:00,Pune_CrossDock,Warehouse_Server,617.1490799239898,dos,dos,1,96.99,1,-0.1152,73.27,High,Potential dos detected at Pune_CrossDock via Warehouse_Server
LOGSEC-03068,2027-01-19 09:00:00,Pune_CrossDock,Fleet_Gateway,490.843663703556,dos,dos,1,94.74,1,-0.1201,73.24,High,Potential dos detected at Pune_CrossDock via Fleet_Gateway
LOGSEC-02795,2026-12-16 06:00:00,Bengaluru_Fleet_HQ,Warehouse_Server,526.1276682726199,dos,dos,1,95.52,1,-0.1042,73.19,High,Potential dos detected at Bengaluru_Fleet_HQ via Warehouse_Server
LOGSEC-00182,2026-01-23 15:00:00,Delhi_Distribution_Center,IoT_Scanner,97.50152681601692,data_exfiltration,data_exfiltration,1,80.69,1,-0.1271,73.17,High,Potential data exfiltration detected at Delhi_Distribution_Center via IoT_Scanner
LOGSEC-02211,2026-10-04 06:00:00,Chennai_Warehouse,Fleet_Gateway,203.46939019595771,data_exfiltration,data_exfiltration,1,86.19,1,-0.1293,73.13,High,Potential data exfiltration detected at Chennai_Warehouse via Fleet_Gateway
LOGSEC-03342,2027-02-22 15:00:00,Delhi_Distribution_Center,Fleet_Gateway,648.0761724981346,dos,dos,1,83.61,1,-0.1209,73.12,High,Potential dos detected at Delhi_Distribution_Center via Fleet_Gateway
LOGSEC-01006,2026-05-06 15:00:00,Chennai_Warehouse,Dispatch_Console,646.5019714696695,dos,dos,1,89.97,1,-0.1408,73.06,High,Potential dos detected at Chennai_Warehouse via Dispatch_Console
LOGSEC-01308,2026-06-13 09:00:00,Chennai_Warehouse,Fleet_Gateway,148.6179175665836,data_exfiltration,data_exfiltration,1,87.78,1,-0.0934,73.01,High,Potential data exfiltration detected at Chennai_Warehouse via Fleet_Gateway
LOGSEC-01422,2026-06-27 15:00:00,Mumbai_Hub,Warehouse_Server,767.1026333239972,dos,dos,1,86.31,1,-0.1379,72.9,High,Potential dos detected at Mumbai_Hub via Warehouse_Server
LOGSEC-03723,2027-04-11 06:00:00,Mumbai_Hub,Warehouse_Server,214.834224540392,data_exfiltration,data_exfiltration,1,82.43,1,-0.1225,72.76,High,Potential data exfiltration detected at Mumbai_Hub via Warehouse_Server
LOGSEC-03823,2027-04-23 18:00:00,Bengaluru_Fleet_HQ,IoT_Scanner,154.28623200907467,malware_beaconing,malware_beaconing,1,86.2,1,-0.1154,72.75,High,Potential malware beaconing detected at Bengaluru_Fleet_HQ via IoT_Scanner
LOGSEC-01239,2026-06-04 18:00:00,Delhi_Distribution_Center,IoT_Scanner,469.31465073350785,dos,dos,1,93.05,1,-0.124,72.74,High,Potential dos detected at Delhi_Distribution_Center via IoT_Scanner
LOGSEC-03730,2027-04-12 03:00:00,Pune_CrossDock,Dispatch_Console,451.28392785516235,brute_force,dos,1,89.19,1,-0.1281,72.71,High,Potential dos detected at Pune_CrossDock via Dispatch_Console
LOGSEC-03690,2027-04-07 03:00:00,Mumbai_Hub,Driver_Tablet,637.826832406664,dos,dos,1,84.32,1,-0.1248,72.68,High,Potential dos detected at Mumbai_Hub via Driver_Tablet
LOGSEC-03117,2027-01-25 12:00:00,Delhi_Distribution_Center,Fleet_Gateway,98.94690855397303,data_exfiltration,data_exfiltration,1,87.99,1,-0.1237,72.68,High,Potential data exfiltration detected at Delhi_Distribution_Center via Fleet_Gateway
LOGSEC-03924,2027-05-06 09:00:00,Pune_CrossDock,Fleet_Gateway,232.18111338696272,data_exfiltration,data_exfiltration,1,87.05,1,-0.1333,72.6,High,Potential data exfiltration detected at Pune_CrossDock via Fleet_Gateway
LOGSEC-03078,2027-01-20 15:00:00,Chennai_Warehouse,Fleet_Gateway,521.2267695175688,dos,dos,1,97.64,1,-0.1275,72.58,High,Potential dos detected at Chennai_Warehouse via Fleet_Gateway
LOGSEC-00860,2026-04-18 09:00:00,Bengaluru_Fleet_HQ,IoT_Scanner,633.2185159077891,dos,dos,1,91.6,1,-0.1314,72.53,High,Potential dos detected at Bengaluru_Fleet_HQ via IoT_Scanner
LOGSEC-03660,2027-04-03 09:00:00,Delhi_Distribution_Center,Warehouse_Server,200.54353222057264,data_exfiltration,data_exfiltration,1,84.64,1,-0.1153,72.52,High,Potential data exfiltration detected at Delhi_Distribution_Center via Warehouse_Server
LOGSEC-02107,2026-09-21 06:00:00,Delhi_Distribution_Center,Dispatch_Console,159.00227949306245,data_exfiltration,data_exfiltration,1,82.78,1,-0.1304,72.5,High,Potential data exfiltration detected at Delhi_Distribution_Center via Dispatch_Console
LOGSEC-02276,2026-10-12 09:00:00,Chennai_Warehouse,Dispatch_Console,371.0269848975061,dos,dos,1,80.14,1,-0.1331,72.48,High,Potential dos detected at Chennai_Warehouse via Dispatch_Console
LOGSEC-00576,2026-03-13 21:00:00,Pune_CrossDock,Dispatch_Console,153.76401713711425,data_exfiltration,data_exfiltration,1,92.23,1,-0.1262,72.43,High,Potential data exfiltration detected at Pune_CrossDock via Dispatch_Console
LOGSEC-01307,2026-06-13 06:00:00,Delhi_Distribution_Center,Fleet_Gateway,105.7180049045565,data_exfiltration,data_exfiltration,1,78.85,1,-0.137,72.41,High,Potential data exfiltration detected at Delhi_Distribution_Center via Fleet_Gateway
LOGSEC-02707,2026-12-05 06:00:00,Delhi_Distribution_Center,Driver_Tablet,130.7731262209734,data_exfiltration,data_exfiltration,1,88.43,1,-0.106,72.28,High,Potential data exfiltration detected at Delhi_Distribution_Center via Driver_Tablet
LOGSEC-02215,2026-10-04 18:00:00,Bengaluru_Fleet_HQ,Driver_Tablet,516.6755718604305,dos,dos,1,97.61,1,-0.1244,72.18,High,Potential dos detected at Bengaluru_Fleet_HQ via Driver_Tablet
LOGSEC-00847,2026-04-16 18:00:00,Delhi_Distribution_Center,Warehouse_Server,799.7429195550527,malware_beaconing,dos,1,86.04,1,-0.127,72.14,High,Potential dos detected at Delhi_Distribution_Center via Warehouse_Server
LOGSEC-00464,2026-02-27 21:00:00,Chennai_Warehouse,Warehouse_Server,651.6494007465974,dos,dos,1,92.63,1,-0.1407,72.01,High,Potential dos detected at Chennai_Warehouse via Warehouse_Server
LOGSEC-00058,2026-01-08 03:00:00,Delhi_Distribution_Center,Warehouse_Server,202.96707227849623,data_exfiltration,data_exfiltration,1,88.38,1,-0.1147,72.0,High,Potential data exfiltration detected at Delhi_Distribution_Center via Warehouse_Server
LOGSEC-01245,2026-06-05 12:00:00,Pune_CrossDock,Dispatch_Console,111.43581749910679,data_exfiltration,data_exfiltration,1,91.72,1,-0.129,71.91,High,Potential data exfiltration detected at Pune_CrossDock via Dispatch_Console
LOGSEC-01446,2026-06-30 15:00:00,Mumbai_Hub,Fleet_Gateway,244.3733348178466,normal,insider_scan,0,79.96,1,-0.1302,71.88,High,Potential insider scan detected at Mumbai_Hub via Fleet_Gateway
LOGSEC-01310,2026-06-13 15:00:00,Chennai_Warehouse,IoT_Scanner,151.5714251247998,data_exfiltration,data_exfiltration,1,91.67,1,-0.1179,71.78,High,Potential data exfiltration detected at Chennai_Warehouse via IoT_Scanner
LOGSEC-01259,2026-06-07 06:00:00,Bengaluru_Fleet_HQ,Fleet_Gateway,170.58225164098292,malware_beaconing,malware_beaconing,1,86.2,1,-0.0962,71.78,High,Potential malware beaconing detected at Bengaluru_Fleet_HQ via Fleet_Gateway
LOGSEC-01403,2026-06-25 06:00:00,Mumbai_Hub,IoT_Scanner,165.42328036770908,data_exfiltration,data_exfiltration,1,85.81,1,-0.1299,71.72,High,Potential data exfiltration detected at Mumbai_Hub via IoT_Scanner
LOGSEC-00598,2026-03-16 15:00:00,Pune_CrossDock,Warehouse_Server,661.8226121169664,dos,dos,1,97.05,1,-0.1278,71.71,High,Potential dos detected at Pune_CrossDock via Warehouse_Server
LOGSEC-01895,2026-08-25 18:00:00,Bengaluru_Fleet_HQ,Dispatch_Console,151.8291158016248,malware_beaconing,malware_beaconing,1,88.47,1,-0.1048,71.68,High,Potential malware beaconing detected at Bengaluru_Fleet_HQ via Dispatch_Console
LOGSEC-02635,2026-11-26 06:00:00,Delhi_Distribution_Center,Driver_Tablet,231.95875095318647,data_exfiltration,data_exfiltration,1,85.26,1,-0.1137,71.66,High,Potential data exfiltration detected at Delhi_Distribution_Center via Driver_Tablet
LOGSEC-01043,2026-05-11 06:00:00,Mumbai_Hub,IoT_Scanner,158.5268828971316,malware_beaconing,malware_beaconing,1,72.05,1,-0.14,71.55,High,Potential malware beaconing detected at Mumbai_Hub via IoT_Scanner
LOGSEC-00630,2026-03-20 15:00:00,Mumbai_Hub,Fleet_Gateway,491.8498961903119,dos,dos,1,83.91,1,-0.1412,71.53,High,Potential dos detected at Mumbai_Hub via Fleet_Gateway
LOGSEC-03093,2027-01-22 12:00:00,Pune_CrossDock,Driver_Tablet,96.48072747528822,malware_beaconing,malware_beaconing,1,86.83,1,-0.1198,71.52,High,Potential malware beaconing detected at Pune_CrossDock via Driver_Tablet
LOGSEC-02219,2026-10-05 06:00:00,Pune_CrossDock,Warehouse_Server,100.50532111832645,normal,brute_force,0,84.58,1,-0.107,71.51,High,Potential brute force detected at Pune_CrossDock via Warehouse_Server
LOGSEC-00829,2026-04-14 12:00:00,Delhi_Distribution_Center,Driver_Tablet,560.4278631428306,dos,dos,1,92.73,1,-0.1243,71.48,High,Potential dos detected at Delhi_Distribution_Center via Driver_Tablet
LOGSEC-02037,2026-09-12 12:00:00,Pune_CrossDock,Driver_Tablet,148.33273257344416,data_exfiltration,data_exfiltration,1,83.7,1,-0.1385,71.46,High,Potential data exfiltration detected at Pune_CrossDock via Driver_Tablet
LOGSEC-02961,2027-01-06 00:00:00,Bengaluru_Fleet_HQ,Driver_Tablet,443.2469072070326,dos,dos,1,73.4,1,-0.1571,71.27,High,Potential dos detected at Bengaluru_Fleet_HQ via Driver_Tablet
LOGSEC-00798,2026-04-10 15:00:00,Mumbai_Hub,Dispatch_Console,113.11280907559154,data_exfiltration,data_exfiltration,1,86.23,1,-0.1276,71.13,High,Potential data exfiltration detected at Mumbai_Hub via Dispatch_Console
LOGSEC-01843,2026-08-19 06:00:00,Pune_CrossDock,IoT_Scanner,85.84188870159169,data_exfiltration,data_exfiltration,1,74.65,1,-0.1299,71.13,High,Potential data exfiltration detected at Pune_CrossDock via IoT_Scanner
LOGSEC-02755,2026-12-11 06:00:00,Bengaluru_Fleet_HQ,Dispatch_Console,675.9234564210182,dos,dos,1,95.0,1,-0.1153,71.1,High,Potential dos detected at Bengaluru_Fleet_HQ via Dispatch_Console
LOGSEC-02917,2026-12-31 12:00:00,Delhi_Distribution_Center,Driver_Tablet,133.77725858173872,malware_beaconing,malware_beaconing,1,87.46,1,-0.0924,71.04,High,Potential malware beaconing detected at Delhi_Distribution_Center via Driver_Tablet
LOGSEC-01218,2026-06-02 03:00:00,Mumbai_Hub,Fleet_Gateway,432.00571231382213,dos,dos,1,87.61,1,-0.1353,71.04,High,Potential dos detected at Mumbai_Hub via Fleet_Gateway
LOGSEC-00616,2026-03-18 21:00:00,Bengaluru_Fleet_HQ,Warehouse_Server,574.6231422881791,dos,dos,1,88.82,1,-0.1313,71.03,High,Potential dos detected at Bengaluru_Fleet_HQ via Warehouse_Server
LOGSEC-03932,2027-05-07 09:00:00,Bengaluru_Fleet_HQ,Dispatch_Console,451.3077828943481,dos,dos,1,88.54,1,-0.138,70.89,High,Potential dos detected at Bengaluru_Fleet_HQ via Dispatch_Console
LOGSEC-03439,2027-03-06 18:00:00,Bengaluru_Fleet_HQ,Driver_Tablet,215.9036830123185,data_exfiltration,data_exfiltration,1,93.82,1,-0.1057,70.86,High,Potential data exfiltration detected at Bengaluru_Fleet_HQ via Driver_Tablet
LOGSEC-02317,2026-10-17 12:00:00,Chennai_Warehouse,IoT_Scanner,186.61952256382855,data_exfiltration,data_exfiltration,1,70.41,1,-0.1638,70.84,High,Potential data exfiltration detected at Chennai_Warehouse via IoT_Scanner
LOGSEC-02604,2026-11-22 09:00:00,Pune_CrossDock,Dispatch_Console,453.69707273356306,dos,dos,1,93.81,1,-0.102,70.72,High,Potential dos detected at Pune_CrossDock via Dispatch_Console
LOGSEC-01065,2026-05-14 00:00:00,Chennai_Warehouse,Fleet_Gateway,222.46659863472303,data_exfiltration,data_exfiltration,1,79.88,1,-0.1305,70.69,High,Potential data exfiltration detected at Chennai_Warehouse via Fleet_Gateway
LOGSEC-00985,2026-05-04 00:00:00,Delhi_Distribution_Center,IoT_Scanner,111.89681618023117,brute_force,brute_force,1,91.09,1,-0.1077,70.69,High,Potential brute force detected at Delhi_Distribution_Center via IoT_Scanner
LOGSEC-01963,2026-09-03 06:00:00,Bengaluru_Fleet_HQ,Driver_Tablet,487.0438014197355,dos,dos,1,81.67,1,-0.1406,70.65,High,Potential dos detected at Bengaluru_Fleet_HQ via Driver_Tablet
LOGSEC-02257,2026-10-10 00:00:00,Bengaluru_Fleet_HQ,Dispatch_Console,399.390507949392,dos,dos,1,78.71,1,-0.1298,70.61,High,Potential dos detected at Bengaluru_Fleet_HQ via Dispatch_Console
LOGSEC-01659,2026-07-27 06:00:00,Delhi_Distribution_Center,IoT_Scanner,249.0780183191729,data_exfiltration,data_exfiltration,1,78.3,1,-0.1298,70.61,High,Potential data exfiltration detected at Delhi_Distribution_Center via IoT_Scanner
LOGSEC-02384,2026-10-25 21:00:00,Pune_CrossDock,Driver_Tablet,527.0654018006624,dos,dos,1,91.41,1,-0.1184,70.58,High,Potential dos detected at Pune_CrossDock via Driver_Tablet
LOGSEC-01618,2026-07-22 03:00:00,Mumbai_Hub,Warehouse_Server,671.3578964295126,dos,dos,1,79.33,1,-0.1227,70.58,High,Potential dos detected at Mumbai_Hub via Warehouse_Server
LOGSEC-01366,2026-06-20 15:00:00,Pune_CrossDock,Dispatch_Console,138.97388068783178,data_exfiltration,data_exfiltration,1,94.42,1,-0.1084,70.57,High,Potential data exfiltration detected at Pune_CrossDock via Dispatch_Console
LOGSEC-00510,2026-03-05 15:00:00,Chennai_Warehouse,Warehouse_Server,177.1577203966223,malware_beaconing,malware_beaconing,1,90.71,1,-0.1159,70.54,High,Potential malware beaconing detected at Chennai_Warehouse via Warehouse_Server
LOGSEC-03285,2027-02-15 12:00:00,Pune_CrossDock,IoT_Scanner,553.2959918043257,dos,dos,1,86.61,1,-0.1078,70.54,High,Potential dos detected at Pune_CrossDock via IoT_Scanner
LOGSEC-00008,2026-01-01 21:00:00,Delhi_Distribution_Center,Dispatch_Console,88.36319667021819,data_exfiltration,data_exfiltration,1,76.65,1,-0.1235,70.45,High,Potential data exfiltration detected at Delhi_Distribution_Center via Dispatch_Console
LOGSEC-03771,2027-04-17 06:00:00,Delhi_Distribution_Center,Dispatch_Console,95.93504319060018,malware_beaconing,malware_beaconing,1,85.64,1,-0.1272,70.44,High,Potential malware beaconing detected at Delhi_Distribution_Center via Dispatch_Console
LOGSEC-02980,2027-01-08 09:00:00,Chennai_Warehouse,Driver_Tablet,427.5088994571703,brute_force,dos,1,95.37,1,-0.1145,70.43,High,Potential dos detected at Chennai_Warehouse via Driver_Tablet
LOGSEC-00996,2026-05-05 09:00:00,Pune_CrossDock,Warehouse_Server,569.5668257371229,dos,dos,1,75.32,1,-0.1341,70.4,High,Potential dos detected at Pune_CrossDock via Warehouse_Server
LOGSEC-01415,2026-06-26 18:00:00,Chennai_Warehouse,Dispatch_Console,160.53619717910013,data_exfiltration,data_exfiltration,1,76.79,1,-0.1033,70.36,High,Potential data exfiltration detected at Chennai_Warehouse via Dispatch_Console
LOGSEC-00310,2026-02-08 15:00:00,Bengaluru_Fleet_HQ,Dispatch_Console,554.0014289867677,dos,dos,1,84.9,1,-0.1064,70.33,High,Potential dos detected at Bengaluru_Fleet_HQ via Dispatch_Console
LOGSEC-03735,2027-04-12 18:00:00,Pune_CrossDock,Fleet_Gateway,171.90627818622394,malware_beaconing,malware_beaconing,1,75.52,1,-0.1204,70.32,High,Potential malware beaconing detected at Pune_CrossDock via Fleet_Gateway
LOGSEC-00524,2026-03-07 09:00:00,Chennai_Warehouse,Warehouse_Server,187.89184594702783,malware_beaconing,malware_beaconing,1,80.8,1,-0.1283,70.31,High,Potential malware beaconing detected at Chennai_Warehouse via Warehouse_Server
LOGSEC-03198,2027-02-04 15:00:00,Mumbai_Hub,IoT_Scanner,140.4493934875377,data_exfiltration,data_exfiltration,1,76.33,1,-0.1246,70.18,High,Potential data exfiltration detected at Mumbai_Hub via IoT_Scanner
LOGSEC-02999,2027-01-10 18:00:00,Chennai_Warehouse,Fleet_Gateway,108.23923033913896,data_exfiltration,data_exfiltration,1,90.08,1,-0.1084,70.12,High,Potential data exfiltration detected at Chennai_Warehouse via Fleet_Gateway
LOGSEC-01553,2026-07-14 00:00:00,Bengaluru_Fleet_HQ,IoT_Scanner,355.38036202815437,dos,dos,1,83.09,1,-0.136,70.11,High,Potential dos detected at Bengaluru_Fleet_HQ via IoT_Scanner
LOGSEC-03841,2027-04-26 00:00:00,Bengaluru_Fleet_HQ,Driver_Tablet,47.239853094921,brute_force,brute_force,1,81.35,1,-0.098,70.09,High,Potential brute force detected at Bengaluru_Fleet_HQ via Driver_Tablet
LOGSEC-02764,2026-12-12 09:00:00,Mumbai_Hub,Dispatch_Console,81.63794011417792,brute_force,brute_force,1,86.64,1,-0.0638,69.92,High,Potential brute force detected at Mumbai_Hub via Dispatch_Console
LOGSEC-03964,2027-05-11 09:00:00,Mumbai_Hub,IoT_Scanner,621.481935592343,dos,dos,1,91.35,1,-0.1005,69.9,High,Potential dos detected at Mumbai_Hub via IoT_Scanner
LOGSEC-01124,2026-05-21 09:00:00,Chennai_Warehouse,IoT_Scanner,162.95195754351673,data_exfiltration,data_exfiltration,1,73.19,1,-0.1417,69.88,High,Potential data exfiltration detected at Chennai_Warehouse via IoT_Scanner
LOGSEC-01664,2026-07-27 21:00:00,Bengaluru_Fleet_HQ,Driver_Tablet,218.051020349775,data_exfiltration,data_exfiltration,1,87.09,1,-0.1171,69.8,High,Potential data exfiltration detected at Bengaluru_Fleet_HQ via Driver_Tablet
LOGSEC-03402,2027-03-02 03:00:00,Mumbai_Hub,Warehouse_Server,482.9778217222381,dos,dos,1,92.38,1,-0.0907,69.74,High,Potential dos detected at Mumbai_Hub via Warehouse_Server
LOGSEC-00666,2026-03-25 03:00:00,Pune_CrossDock,Fleet_Gateway,213.93727684690663,data_exfiltration,data_exfiltration,1,79.78,1,-0.1462,69.68,High,Potential data exfiltration detected at Pune_CrossDock via Fleet_Gateway
LOGSEC-03755,2027-04-15 06:00:00,Delhi_Distribution_Center,Fleet_Gateway,168.24337277178702,malware_beaconing,malware_beaconing,1,92.46,1,-0.1098,69.66,High,Potential malware beaconing detected at Delhi_Distribution_Center via Fleet_Gateway
LOGSEC-03223,2027-02-07 18:00:00,Pune_CrossDock,Dispatch_Console,164.2614681076223,data_exfiltration,malware_beaconing,1,83.25,1,-0.068,69.58,High,Potential malware beaconing detected at Pune_CrossDock via Dispatch_Console
LOGSEC-02841,2026-12-22 00:00:00,Bengaluru_Fleet_HQ,Warehouse_Server,127.21445686789346,malware_beaconing,malware_beaconing,1,66.93,1,-0.1254,69.57,High,Potential malware beaconing detected at Bengaluru_Fleet_HQ via Warehouse_Server
LOGSEC-02737,2026-12-09 00:00:00,Mumbai_Hub,IoT_Scanner,81.45994002958692,dos,data_exfiltration,1,83.72,1,-0.1128,69.52,High,Potential data exfiltration detected at Mumbai_Hub via IoT_Scanner
LOGSEC-01732,2026-08-05 09:00:00,Mumbai_Hub,Dispatch_Console,562.7795212664226,dos,dos,1,98.51,1,-0.0924,69.52,High,Potential dos detected at Mumbai_Hub via Dispatch_Console
LOGSEC-03177,2027-02-02 00:00:00,Delhi_Distribution_Center,Dispatch_Console,691.0519182528809,dos,dos,1,77.27,1,-0.1281,69.52,High,Potential dos detected at Delhi_Distribution_Center via Dispatch_Console
LOGSEC-01367,2026-06-20 18:00:00,Delhi_Distribution_Center,IoT_Scanner,200.5662642081923,insider_scan,insider_scan,1,91.07,1,-0.1141,69.42,High,Potential insider scan detected at Delhi_Distribution_Center via IoT_Scanner
LOGSEC-03961,2027-05-11 00:00:00,Chennai_Warehouse,Dispatch_Console,189.1713224214059,insider_scan,insider_scan,1,79.6,1,-0.1272,69.4,High,Potential insider scan detected at Chennai_Warehouse via Dispatch_Console
LOGSEC-01254,2026-06-06 15:00:00,Mumbai_Hub,Warehouse_Server,86.26394940468158,brute_force,brute_force,1,83.9,1,-0.1058,69.39,High,Potential brute force detected at Mumbai_Hub via Warehouse_Server
LOGSEC-03167,2027-01-31 18:00:00,Bengaluru_Fleet_HQ,Dispatch_Console,558.7457487508117,dos,dos,1,90.44,1,-0.0963,69.32,High,Potential dos detected at Bengaluru_Fleet_HQ via Dispatch_Console
LOGSEC-02979,2027-01-08 06:00:00,Chennai_Warehouse,Warehouse_Server,130.4489359522086,insider_scan,insider_scan,1,64.82,1,-0.1411,69.23,High,Potential insider scan detected at Chennai_Warehouse via Warehouse_Server
LOGSEC-03839,2027-04-25 18:00:00,Delhi_Distribution_Center,Driver_Tablet,58.1886156054723,insider_scan,brute_force,1,71.09,1,-0.09,69.12,High,Potential brute force detected at Delhi_Distribution_Center via Driver_Tablet
LOGSEC-03014,2027-01-12 15:00:00,Bengaluru_Fleet_HQ,Driver_Tablet,90.75350139516455,brute_force,brute_force,1,89.96,1,-0.1127,69.0,High,Potential brute force detected at Bengaluru_Fleet_HQ via Driver_Tablet
LOGSEC-01386,2026-06-23 03:00:00,Bengaluru_Fleet_HQ,IoT_Scanner,88.29337428405736,brute_force,brute_force,1,75.98,1,-0.1151,68.96,High,Potential brute force detected at Bengaluru_Fleet_HQ via IoT_Scanner
LOGSEC-03053,2027-01-17 12:00:00,Mumbai_Hub,Driver_Tablet,194.7439168509367,malware_beaconing,malware_beaconing,1,73.6,1,-0.1289,68.93,High,Potential malware beaconing detected at Mumbai_Hub via Driver_Tablet
LOGSEC-03459,2027-03-09 06:00:00,Pune_CrossDock,Driver_Tablet,318.71731682294137,normal,insider_scan,0,78.18,1,-0.1281,68.92,High,Potential insider scan detected at Pune_CrossDock via Driver_Tablet
LOGSEC-03398,2027-03-01 15:00:00,Mumbai_Hub,Driver_Tablet,150.38394394935835,malware_beaconing,malware_beaconing,1,86.54,1,-0.1061,68.9,High,Potential malware beaconing detected at Mumbai_Hub via Driver_Tablet
LOGSEC-03064,2027-01-18 21:00:00,Chennai_Warehouse,Driver_Tablet,154.28982649533967,data_exfiltration,insider_scan,1,79.75,1,-0.1195,68.87,High,Potential insider scan detected at Chennai_Warehouse via Driver_Tablet
LOGSEC-01082,2026-05-16 03:00:00,Pune_CrossDock,Driver_Tablet,120.97922372181186,brute_force,brute_force,1,92.52,1,-0.0915,68.83,High,Potential brute force detected at Pune_CrossDock via Driver_Tablet
LOGSEC-01116,2026-05-20 09:00:00,Bengaluru_Fleet_HQ,Fleet_Gateway,182.29507171492378,brute_force,insider_scan,1,77.41,1,-0.0801,68.77,High,Potential insider scan detected at Bengaluru_Fleet_HQ via Fleet_Gateway
LOGSEC-03395,2027-03-01 06:00:00,Bengaluru_Fleet_HQ,Warehouse_Server,208.09378548048136,insider_scan,insider_scan,1,82.44,1,-0.0972,68.74,High,Potential insider scan detected at Bengaluru_Fleet_HQ via Warehouse_Server
LOGSEC-02250,2026-10-09 03:00:00,Pune_CrossDock,Warehouse_Server,60.12830196328746,brute_force,brute_force,1,88.42,1,-0.0846,68.7,High,Potential brute force detected at Pune_CrossDock via Warehouse_Server
LOGSEC-02223,2026-10-05 18:00:00,Mumbai_Hub,Driver_Tablet,70.6446997501179,data_exfiltration,data_exfiltration,1,81.29,1,-0.1068,68.65,High,Potential data exfiltration detected at Mumbai_Hub via Driver_Tablet
LOGSEC-00650,2026-03-23 03:00:00,Delhi_Distribution_Center,Fleet_Gateway,669.9330420488525,dos,dos,1,75.9,1,-0.1201,68.62,High,Potential dos detected at Delhi_Distribution_Center via Fleet_Gateway
LOGSEC-00253,2026-02-01 12:00:00,Chennai_Warehouse,Dispatch_Console,427.2998417965054,dos,dos,1,90.43,1,-0.107,68.62,High,Potential dos detected at Chennai_Warehouse via Dispatch_Console
LOGSEC-01581,2026-07-17 12:00:00,Mumbai_Hub,Dispatch_Console,155.72355081875716,malware_beaconing,malware_beaconing,1,84.04,1,-0.1085,68.59,High,Potential malware beaconing detected at Mumbai_Hub via Dispatch_Console
LOGSEC-02087,2026-09-18 18:00:00,Delhi_Distribution_Center,Driver_Tablet,516.9580754870898,dos,dos,1,89.51,1,-0.0987,68.58,High,Potential dos detected at Delhi_Distribution_Center via Driver_Tablet
LOGSEC-03547,2027-03-20 06:00:00,Chennai_Warehouse,Driver_Tablet,229.63188699611084,malware_beaconing,insider_scan,1,84.02,1,-0.1107,68.54,High,Potential insider scan detected at Chennai_Warehouse via Driver_Tablet
LOGSEC-01299,2026-06-12 06:00:00,Mumbai_Hub,Driver_Tablet,117.00158028178731,malware_beaconing,malware_beaconing,1,84.55,1,-0.0941,68.41,High,Potential malware beaconing detected at Mumbai_Hub via Driver_Tablet
LOGSEC-03089,2027-01-22 00:00:00,Delhi_Distribution_Center,IoT_Scanner,528.1681921863855,dos,dos,1,88.96,1,-0.1054,68.39,High,Potential dos detected at Delhi_Distribution_Center via IoT_Scanner
LOGSEC-01763,2026-08-09 06:00:00,Bengaluru_Fleet_HQ,Driver_Tablet,206.23217294058028,data_exfiltration,data_exfiltration,1,85.37,1,-0.1018,68.32,High,Potential data exfiltration detected at Bengaluru_Fleet_HQ via Driver_Tablet
LOGSEC-00009,2026-01-02 00:00:00,Bengaluru_Fleet_HQ,Warehouse_Server,132.31124929734415,brute_force,brute_force,1,88.95,1,-0.063,68.31,High,Potential brute force detected at Bengaluru_Fleet_HQ via Warehouse_Server
LOGSEC-03493,2027-03-13 12:00:00,Bengaluru_Fleet_HQ,Driver_Tablet,123.00857553038168,malware_beaconing,malware_beaconing,1,82.23,1,-0.1176,68.26,High,Potential malware beaconing detected at Bengaluru_Fleet_HQ via Driver_Tablet
LOGSEC-01233,2026-06-04 00:00:00,Bengaluru_Fleet_HQ,Warehouse_Server,151.5756256451453,malware_beaconing,malware_beaconing,1,89.86,1,-0.1062,68.25,High,Potential malware beaconing detected at Bengaluru_Fleet_HQ via Warehouse_Server
LOGSEC-03611,2027-03-28 06:00:00,Mumbai_Hub,Warehouse_Server,195.98639279635003,brute_force,malware_beaconing,1,84.72,1,-0.0768,68.25,High,Potential malware beaconing detected at Mumbai_Hub via Warehouse_Server
LOGSEC-02326,2026-10-18 15:00:00,Bengaluru_Fleet_HQ,Warehouse_Server,577.7030581946672,dos,dos,1,83.11,1,-0.1368,68.19,High,Potential dos detected at Bengaluru_Fleet_HQ via Warehouse_Server
LOGSEC-03229,2027-02-08 12:00:00,Bengaluru_Fleet_HQ,Warehouse_Server,125.33041194561845,malware_beaconing,malware_beaconing,1,85.22,1,-0.0773,68.15,High,Potential malware beaconing detected at Bengaluru_Fleet_HQ via Warehouse_Server
LOGSEC-01945,2026-09-01 00:00:00,Mumbai_Hub,Warehouse_Server,170.3616679011769,data_exfiltration,data_exfiltration,1,79.57,1,-0.1046,68.13,High,Potential data exfiltration detected at Mumbai_Hub via Warehouse_Server
LOGSEC-02599,2026-11-21 18:00:00,Pune_CrossDock,Driver_Tablet,127.26468820244641,brute_force,brute_force,1,65.0,1,-0.1202,68.05,High,Potential brute force detected at Pune_CrossDock via Driver_Tablet
LOGSEC-00947,2026-04-29 06:00:00,Pune_CrossDock,Fleet_Gateway,93.00181363283232,brute_force,brute_force,1,86.11,1,-0.0743,68.02,High,Potential brute force detected at Pune_CrossDock via Fleet_Gateway
LOGSEC-02259,2026-10-10 06:00:00,Chennai_Warehouse,IoT_Scanner,151.83412153219007,malware_beaconing,malware_beaconing,1,91.15,1,-0.086,67.94,High,Potential malware beaconing detected at Chennai_Warehouse via IoT_Scanner
LOGSEC-00617,2026-03-19 00:00:00,Delhi_Distribution_Center,Fleet_Gateway,139.2735425696275,data_exfiltration,data_exfiltration,1,85.51,1,-0.1156,67.94,High,Potential data exfiltration detected at Delhi_Distribution_Center via Fleet_Gateway
LOGSEC-01561,2026-07-15 00:00:00,Bengaluru_Fleet_HQ,Fleet_Gateway,107.46504642813879,brute_force,brute_force,1,93.93,1,-0.093,67.93,High,Potential brute force detected at Bengaluru_Fleet_HQ via Fleet_Gateway
LOGSEC-03938,2027-05-08 03:00:00,Chennai_Warehouse,Driver_Tablet,186.23894317415431,brute_force,insider_scan,1,77.48,1,-0.1229,67.84,High,Potential insider scan detected at Chennai_Warehouse via Driver_Tablet
LOGSEC-03453,2027-03-08 12:00:00,Pune_CrossDock,Dispatch_Console,537.2903930420027,dos,dos,1,89.04,1,-0.1178,67.83,High,Potential dos detected at Pune_CrossDock via Dispatch_Console
LOGSEC-03203,2027-02-05 06:00:00,Chennai_Warehouse,Warehouse_Server,141.917455858542,malware_beaconing,malware_beaconing,1,81.16,1,-0.0778,67.68,High,Potential malware beaconing detected at Chennai_Warehouse via Warehouse_Server
LOGSEC-00814,2026-04-12 15:00:00,Chennai_Warehouse,IoT_Scanner,155.11913216667972,malware_beaconing,malware_beaconing,1,87.2,1,-0.0989,67.56,High,Potential malware beaconing detected at Chennai_Warehouse via IoT_Scanner
LOGSEC-03317,2027-02-19 12:00:00,Chennai_Warehouse,Driver_Tablet,123.52620237479458,malware_beaconing,malware_beaconing,1,83.46,1,-0.092,67.56,High,Potential malware beaconing detected at Chennai_Warehouse via Driver_Tablet
LOGSEC-00997,2026-05-05 12:00:00,Delhi_Distribution_Center,Fleet_Gateway,99.70183982664976,data_exfiltration,brute_force,1,95.78,1,-0.0721,67.52,High,Potential brute force detected at Delhi_Distribution_Center via Fleet_Gateway
LOGSEC-02191,2026-10-01 18:00:00,Delhi_Distribution_Center,Warehouse_Server,138.1783310599472,malware_beaconing,malware_beaconing,1,89.29,1,-0.0787,67.51,High,Potential malware beaconing detected at Delhi_Distribution_Center via Warehouse_Server
LOGSEC-00459,2026-02-27 06:00:00,Pune_CrossDock,Warehouse_Server,97.06066914831489,brute_force,brute_force,1,86.36,1,-0.1124,67.49,High,Potential brute force detected at Pune_CrossDock via Warehouse_Server
LOGSEC-03579,2027-03-24 06:00:00,Pune_CrossDock,Driver_Tablet,158.64370175129474,data_exfiltration,data_exfiltration,1,82.43,1,-0.1189,67.42,High,Potential data exfiltration detected at Pune_CrossDock via Driver_Tablet
LOGSEC-01663,2026-07-27 18:00:00,Delhi_Distribution_Center,IoT_Scanner,396.80318313995133,dos,dos,1,77.66,1,-0.1416,67.39,High,Potential dos detected at Delhi_Distribution_Center via IoT_Scanner
LOGSEC-02706,2026-12-05 03:00:00,Chennai_Warehouse,Dispatch_Console,76.67120553282356,brute_force,brute_force,1,89.55,1,-0.0665,67.2,High,Potential brute force detected at Chennai_Warehouse via Dispatch_Console
LOGSEC-01802,2026-08-14 03:00:00,Delhi_Distribution_Center,Driver_Tablet,97.21653106607829,brute_force,brute_force,1,93.2,1,-0.08,67.09,High,Potential brute force detected at Delhi_Distribution_Center via Driver_Tablet
LOGSEC-00123,2026-01-16 06:00:00,Bengaluru_Fleet_HQ,IoT_Scanner,178.7943537295832,malware_beaconing,malware_beaconing,1,79.69,1,-0.1166,67.08,High,Potential malware beaconing detected at Bengaluru_Fleet_HQ via IoT_Scanner
LOGSEC-03884,2027-05-01 09:00:00,Pune_CrossDock,Dispatch_Console,252.0873338524912,insider_scan,insider_scan,1,95.14,1,-0.067,67.03,High,Potential insider scan detected at Pune_CrossDock via Dispatch_Console
LOGSEC-01019,2026-05-08 06:00:00,Mumbai_Hub,Fleet_Gateway,29.3139276649607,brute_force,brute_force,1,83.05,1,-0.109,66.98,High,Potential brute force detected at Mumbai_Hub via Fleet_Gateway
LOGSEC-00211,2026-01-27 06:00:00,Mumbai_Hub,Fleet_Gateway,62.658076123076846,brute_force,brute_force,1,88.0,1,-0.0765,66.93,High,Potential brute force detected at Mumbai_Hub via Fleet_Gateway
LOGSEC-01986,2026-09-06 03:00:00,Chennai_Warehouse,Warehouse_Server,108.54667031658472,malware_beaconing,brute_force,1,79.95,1,-0.0846,66.92,High,Potential brute force detected at Chennai_Warehouse via Warehouse_Server
LOGSEC-03876,2027-04-30 09:00:00,Delhi_Distribution_Center,IoT_Scanner,129.93029253430717,normal,malware_beaconing,0,81.39,1,-0.0965,66.86,High,Potential malware beaconing detected at Delhi_Distribution_Center via IoT_Scanner
LOGSEC-01374,2026-06-21 15:00:00,Delhi_Distribution_Center,Dispatch_Console,166.46813020073625,data_exfiltration,data_exfiltration,1,70.46,1,-0.1371,66.73,High,Potential data exfiltration detected at Delhi_Distribution_Center via Dispatch_Console
LOGSEC-02031,2026-09-11 18:00:00,Mumbai_Hub,Warehouse_Server,119.69002799056203,brute_force,brute_force,1,84.12,1,-0.0697,66.63,High,Potential brute force detected at Mumbai_Hub via Warehouse_Server
LOGSEC-03318,2027-02-19 15:00:00,Mumbai_Hub,IoT_Scanner,99.30126136500974,brute_force,brute_force,1,89.34,1,-0.0842,66.58,High,Potential brute force detected at Mumbai_Hub via IoT_Scanner
LOGSEC-03116,2027-01-25 09:00:00,Chennai_Warehouse,Driver_Tablet,231.99998648786274,insider_scan,insider_scan,1,75.95,1,-0.121,66.56,High,Potential insider scan detected at Chennai_Warehouse via Driver_Tablet
LOGSEC-02615,2026-11-23 18:00:00,Bengaluru_Fleet_HQ,IoT_Scanner,123.9387259988606,brute_force,brute_force,1,89.54,1,-0.0924,66.55,High,Potential brute force detected at Bengaluru_Fleet_HQ via IoT_Scanner
LOGSEC-03679,2027-04-05 18:00:00,Chennai_Warehouse,Fleet_Gateway,138.72704181760048,malware_beaconing,malware_beaconing,1,84.45,1,-0.0833,66.52,High,Potential malware beaconing detected at Chennai_Warehouse via Fleet_Gateway
LOGSEC-02190,2026-10-01 15:00:00,Pune_CrossDock,Driver_Tablet,55.05922933483303,malware_beaconing,malware_beaconing,1,58.64,1,-0.1018,66.51,High,Potential malware beaconing detected at Pune_CrossDock via Driver_Tablet
LOGSEC-03021,2027-01-13 12:00:00,Bengaluru_Fleet_HQ,Fleet_Gateway,89.24867657333397,brute_force,brute_force,1,85.27,1,-0.094,66.43,High,Potential brute force detected at Bengaluru_Fleet_HQ via Fleet_Gateway
LOGSEC-02017,2026-09-10 00:00:00,Pune_CrossDock,Warehouse_Server,479.56070682500024,dos,dos,1,81.94,1,-0.0878,66.42,High,Potential dos detected at Pune_CrossDock via Warehouse_Server
LOGSEC-01486,2026-07-05 15:00:00,Mumbai_Hub,Driver_Tablet,547.9860685633714,dos,dos,1,80.43,1,-0.0849,66.42,High,Potential dos detected at Mumbai_Hub via Driver_Tablet
LOGSEC-02362,2026-10-23 03:00:00,Pune_CrossDock,Fleet_Gateway,74.34029827970365,brute_force,brute_force,1,81.08,1,-0.1053,66.4,High,Potential brute force detected at Pune_CrossDock via Fleet_Gateway
LOGSEC-02022,2026-09-10 15:00:00,Bengaluru_Fleet_HQ,IoT_Scanner,165.3274773222553,brute_force,brute_force,1,77.86,1,-0.1144,66.37,High,Potential brute force detected at Bengaluru_Fleet_HQ via IoT_Scanner
LOGSEC-02194,2026-10-02 03:00:00,Pune_CrossDock,Fleet_Gateway,137.34155493278143,data_exfiltration,data_exfiltration,1,84.3,1,-0.0998,66.29,High,Potential data exfiltration detected at Pune_CrossDock via Fleet_Gateway
LOGSEC-03080,2027-01-20 21:00:00,Pune_CrossDock,Dispatch_Console,63.20524815172451,brute_force,brute_force,1,83.96,1,-0.099,66.26,High,Potential brute force detected at Pune_CrossDock via Dispatch_Console
LOGSEC-02321,2026-10-18 00:00:00,Chennai_Warehouse,Fleet_Gateway,578.1159903971552,dos,dos,1,79.96,1,-0.1062,66.24,High,Potential dos detected at Chennai_Warehouse via Fleet_Gateway
LOGSEC-00560,2026-03-11 21:00:00,Delhi_Distribution_Center,IoT_Scanner,81.49016621403052,malware_beaconing,malware_beaconing,1,90.74,1,-0.0563,66.2,High,Potential malware beaconing detected at Delhi_Distribution_Center via IoT_Scanner
LOGSEC-02865,2026-12-25 00:00:00,Bengaluru_Fleet_HQ,Warehouse_Server,104.97234268127193,malware_beaconing,malware_beaconing,1,73.69,1,-0.1009,66.17,High,Potential malware beaconing detected at Bengaluru_Fleet_HQ via Warehouse_Server
LOGSEC-00668,2026-03-25 09:00:00,Mumbai_Hub,Driver_Tablet,270.19092825862754,insider_scan,insider_scan,1,86.34,1,-0.0904,66.16,High,Potential insider scan detected at Mumbai_Hub via Driver_Tablet
LOGSEC-01257,2026-06-07 00:00:00,Delhi_Distribution_Center,Dispatch_Console,129.09879015927854,malware_beaconing,malware_beaconing,1,74.17,1,-0.1166,66.15,High,Potential malware beaconing detected at Delhi_Distribution_Center via Dispatch_Console
LOGSEC-03502,2027-03-14 15:00:00,Delhi_Distribution_Center,Dispatch_Console,168.83993806874832,normal,malware_beaconing,0,75.77,1,-0.0982,66.13,High,Potential malware beaconing detected at Delhi_Distribution_Center via Dispatch_Console
LOGSEC-03413,2027-03-03 12:00:00,Mumbai_Hub,Driver_Tablet,374.40536348042093,dos,dos,1,77.14,1,-0.123,66.01,High,Potential dos detected at Mumbai_Hub via Driver_Tablet
LOGSEC-03885,2027-05-01 12:00:00,Delhi_Distribution_Center,Fleet_Gateway,108.39297304914398,brute_force,brute_force,1,86.0,1,-0.0958,66.01,High,Potential brute force detected at Delhi_Distribution_Center via Fleet_Gateway
LOGSEC-00663,2026-03-24 18:00:00,Delhi_Distribution_Center,Warehouse_Server,105.56892104157829,brute_force,brute_force,1,84.24,1,-0.0849,65.94,High,Potential brute force detected at Delhi_Distribution_Center via Warehouse_Server
LOGSEC-03863,2027-04-28 18:00:00,Mumbai_Hub,Fleet_Gateway,279.056826328515,normal,insider_scan,0,83.43,1,-0.0973,65.91,High,Potential insider scan detected at Mumbai_Hub via Fleet_Gateway
LOGSEC-00602,2026-03-17 03:00:00,Mumbai_Hub,Warehouse_Server,249.0954405563446,brute_force,insider_scan,1,70.9,1,-0.1183,65.82,High,Potential insider scan detected at Mumbai_Hub via Warehouse_Server
LOGSEC-03914,2027-05-05 03:00:00,Bengaluru_Fleet_HQ,Fleet_Gateway,180.3297198795514,malware_beaconing,malware_beaconing,1,68.34,1,-0.0916,65.82,High,Potential malware beaconing detected at Bengaluru_Fleet_HQ via Fleet_Gateway
LOGSEC-03240,2027-02-09 21:00:00,Pune_CrossDock,Driver_Tablet,238.27702978574305,insider_scan,insider_scan,1,91.21,1,-0.0891,65.78,High,Potential insider scan detected at Pune_CrossDock via Driver_Tablet
LOGSEC-03320,2027-02-19 21:00:00,Delhi_Distribution_Center,IoT_Scanner,197.82352414623887,data_exfiltration,data_exfiltration,1,71.61,1,-0.1242,65.74,High,Potential data exfiltration detected at Delhi_Distribution_Center via IoT_Scanner
LOGSEC-03540,2027-03-19 09:00:00,Bengaluru_Fleet_HQ,IoT_Scanner,382.9315688504736,normal,insider_scan,0,59.04,1,-0.1142,65.74,High,Potential insider scan detected at Bengaluru_Fleet_HQ via IoT_Scanner
LOGSEC-02504,2026-11-09 21:00:00,Pune_CrossDock,Warehouse_Server,147.4186750000308,data_exfiltration,data_exfiltration,1,62.43,1,-0.1108,65.7,High,Potential data exfiltration detected at Pune_CrossDock via Warehouse_Server
LOGSEC-01578,2026-07-17 03:00:00,Delhi_Distribution_Center,Fleet_Gateway,155.47929369085216,malware_beaconing,malware_beaconing,1,91.33,1,-0.0924,65.69,High,Potential malware beaconing detected at Delhi_Distribution_Center via Fleet_Gateway
LOGSEC-00721,2026-04-01 00:00:00,Chennai_Warehouse,Fleet_Gateway,210.59821950669905,data_exfiltration,data_exfiltration,1,56.48,1,-0.135,65.69,High,Potential data exfiltration detected at Chennai_Warehouse via Fleet_Gateway
LOGSEC-01054,2026-05-12 15:00:00,Bengaluru_Fleet_HQ,Dispatch_Console,142.88789810569057,malware_beaconing,malware_beaconing,1,83.77,1,-0.0852,65.53,High,Potential malware beaconing detected at Bengaluru_Fleet_HQ via Dispatch_Console
LOGSEC-03440,2027-03-06 21:00:00,Delhi_Distribution_Center,Warehouse_Server,81.26828059011522,brute_force,brute_force,1,75.33,1,-0.0791,65.48,High,Potential brute force detected at Delhi_Distribution_Center via Warehouse_Server
LOGSEC-01063,2026-05-13 18:00:00,Bengaluru_Fleet_HQ,Driver_Tablet,75.65528798327806,brute_force,brute_force,1,79.04,1,-0.0631,65.47,High,Potential brute force detected at Bengaluru_Fleet_HQ via Driver_Tablet
LOGSEC-03146,2027-01-29 03:00:00,Delhi_Distribution_Center,Fleet_Gateway,125.58214819918764,data_exfiltration,data_exfiltration,1,65.06,1,-0.1037,65.44,High,Potential data exfiltration detected at Delhi_Distribution_Center via Fleet_Gateway
LOGSEC-00177,2026-01-23 00:00:00,Pune_CrossDock,Fleet_Gateway,92.9742033193131,malware_beaconing,malware_beaconing,1,60.59,1,-0.1022,65.43,High,Potential malware beaconing detected at Pune_CrossDock via Fleet_Gateway
LOGSEC-00386,2026-02-18 03:00:00,Pune_CrossDock,Warehouse_Server,127.64470264771074,brute_force,brute_force,1,60.89,1,-0.0965,65.42,High,Potential brute force detected at Pune_CrossDock via Warehouse_Server
LOGSEC-01874,2026-08-23 03:00:00,Delhi_Distribution_Center,Warehouse_Server,243.84766887445696,insider_scan,insider_scan,1,50.37,1,-0.1401,65.39,High,Potential insider scan detected at Delhi_Distribution_Center via Warehouse_Server
LOGSEC-01651,2026-07-26 06:00:00,Pune_CrossDock,Fleet_Gateway,298.49812542196986,insider_scan,insider_scan,1,77.1,1,-0.1101,65.38,High,Potential insider scan detected at Pune_CrossDock via Fleet_Gateway
LOGSEC-03058,2027-01-18 03:00:00,Mumbai_Hub,Dispatch_Console,102.67800189364574,malware_beaconing,malware_beaconing,1,80.91,1,-0.1017,65.3,High,Potential malware beaconing detected at Mumbai_Hub via Dispatch_Console
LOGSEC-02887,2026-12-27 18:00:00,Delhi_Distribution_Center,Driver_Tablet,231.272410339243,insider_scan,insider_scan,1,90.91,1,-0.089,65.29,High,Potential insider scan detected at Delhi_Distribution_Center via Driver_Tablet
LOGSEC-02742,2026-12-09 15:00:00,Chennai_Warehouse,Dispatch_Console,186.03012767261308,insider_scan,insider_scan,1,73.16,1,-0.0944,65.26,High,Potential insider scan detected at Chennai_Warehouse via Dispatch_Console
LOGSEC-01162,2026-05-26 03:00:00,Pune_CrossDock,Driver_Tablet,79.99180840814171,dos,brute_force,1,81.64,1,-0.0721,65.25,High,Potential brute force detected at Pune_CrossDock via Driver_Tablet
LOGSEC-03125,2027-01-26 12:00:00,Bengaluru_Fleet_HQ,Fleet_Gateway,113.42192425404356,brute_force,malware_beaconing,1,66.37,1,-0.1101,64.92,High,Potential malware beaconing detected at Bengaluru_Fleet_HQ via Fleet_Gateway
LOGSEC-00645,2026-03-22 12:00:00,Delhi_Distribution_Center,Driver_Tablet,113.23668448246512,brute_force,brute_force,1,69.08,1,-0.1276,64.92,High,Potential brute force detected at Delhi_Distribution_Center via Driver_Tablet
LOGSEC-01740,2026-08-06 09:00:00,Pune_CrossDock,IoT_Scanner,227.15362580374514,insider_scan,insider_scan,1,89.83,1,-0.0743,64.88,High,Potential insider scan detected at Pune_CrossDock via IoT_Scanner
LOGSEC-01695,2026-07-31 18:00:00,Mumbai_Hub,IoT_Scanner,71.45496448415744,brute_force,brute_force,1,83.54,1,-0.079,64.87,High,Potential brute force detected at Mumbai_Hub via IoT_Scanner
LOGSEC-03144,2027-01-28 21:00:00,Mumbai_Hub,Driver_Tablet,214.04061264691785,insider_scan,insider_scan,1,85.84,1,-0.0807,64.84,High,Potential insider scan detected at Mumbai_Hub via Driver_Tablet
LOGSEC-01692,2026-07-31 09:00:00,Delhi_Distribution_Center,IoT_Scanner,105.00716771074374,brute_force,brute_force,1,73.93,1,-0.0932,64.84,High,Potential brute force detected at Delhi_Distribution_Center via IoT_Scanner
LOGSEC-03503,2027-03-14 18:00:00,Mumbai_Hub,Warehouse_Server,468.3806526637673,dos,dos,1,82.53,1,-0.1194,64.83,High,Potential dos detected at Mumbai_Hub via Warehouse_Server
LOGSEC-02124,2026-09-23 09:00:00,Delhi_Distribution_Center,Dispatch_Console,97.32203860728558,malware_beaconing,malware_beaconing,1,72.42,1,-0.0468,64.82,High,Potential malware beaconing detected at Delhi_Distribution_Center via Dispatch_Console
LOGSEC-03904,2027-05-03 21:00:00,Mumbai_Hub,Warehouse_Server,165.19142225897824,brute_force,brute_force,1,84.13,1,-0.0693,64.82,High,Potential brute force detected at Mumbai_Hub via Warehouse_Server
LOGSEC-03010,2027-01-12 03:00:00,Bengaluru_Fleet_HQ,Warehouse_Server,123.07713296440063,malware_beaconing,malware_beaconing,1,80.93,1,-0.0765,64.81,High,Potential malware beaconing detected at Bengaluru_Fleet_HQ via Warehouse_Server
LOGSEC-01907,2026-08-27 06:00:00,Pune_CrossDock,Dispatch_Console,215.1803520678963,malware_beaconing,malware_beaconing,1,61.16,1,-0.11,64.7,High,Potential malware beaconing detected at Pune_CrossDock via Dispatch_Console
LOGSEC-00135,2026-01-17 18:00:00,Delhi_Distribution_Center,Driver_Tablet,189.79943862649574,malware_beaconing,malware_beaconing,1,72.92,1,-0.1096,64.68,High,Potential malware beaconing detected at Delhi_Distribution_Center via Driver_Tablet
LOGSEC-03952,2027-05-09 21:00:00,Mumbai_Hub,Dispatch_Console,157.31343328088158,insider_scan,data_exfiltration,1,71.98,1,-0.0881,64.56,High,Potential data exfiltration detected at Mumbai_Hub via Dispatch_Console
LOGSEC-02727,2026-12-07 18:00:00,Pune_CrossDock,Fleet_Gateway,155.0074175608982,dos,brute_force,1,74.19,1,-0.1143,64.53,High,Potential brute force detected at Pune_CrossDock via Fleet_Gateway
LOGSEC-02235,2026-10-07 06:00:00,Mumbai_Hub,IoT_Scanner,72.6683356662717,malware_beaconing,malware_beaconing,1,82.15,1,-0.0786,64.41,High,Potential malware beaconing detected at Mumbai_Hub via IoT_Scanner
LOGSEC-01385,2026-06-23 00:00:00,Chennai_Warehouse,Fleet_Gateway,167.12212331106403,malware_beaconing,malware_beaconing,1,81.82,1,-0.0832,64.36,High,Potential malware beaconing detected at Chennai_Warehouse via Fleet_Gateway
LOGSEC-03091,2027-01-22 06:00:00,Chennai_Warehouse,Fleet_Gateway,80.57172278597469,brute_force,brute_force,1,92.16,1,-0.0617,64.32,High,Potential brute force detected at Chennai_Warehouse via Fleet_Gateway
LOGSEC-02426,2026-10-31 03:00:00,Bengaluru_Fleet_HQ,Warehouse_Server,142.7006622876848,malware_beaconing,malware_beaconing,1,72.76,1,-0.0819,64.26,High,Potential malware beaconing detected at Bengaluru_Fleet_HQ via Warehouse_Server
LOGSEC-02583,2026-11-19 18:00:00,Chennai_Warehouse,IoT_Scanner,306.43425753294855,insider_scan,insider_scan,1,62.17,1,-0.1283,64.25,High,Potential insider scan detected at Chennai_Warehouse via IoT_Scanner
LOGSEC-03495,2027-03-13 18:00:00,Pune_CrossDock,IoT_Scanner,64.27480286173207,brute_force,brute_force,1,68.95,1,-0.0897,64.25,High,Potential brute force detected at Pune_CrossDock via IoT_Scanner
LOGSEC-00998,2026-05-05 15:00:00,Delhi_Distribution_Center,Dispatch_Console,233.0895754002624,insider_scan,insider_scan,1,67.82,1,-0.1029,64.23,High,Potential insider scan detected at Delhi_Distribution_Center via Dispatch_Console
LOGSEC-01126,2026-05-21 15:00:00,Delhi_Distribution_Center,Fleet_Gateway,93.74255290634947,brute_force,brute_force,1,90.46,1,-0.0876,64.2,High,Potential brute force detected at Delhi_Distribution_Center via Fleet_Gateway
LOGSEC-00060,2026-01-08 09:00:00,Bengaluru_Fleet_HQ,Driver_Tablet,175.3494966828348,insider_scan,insider_scan,1,84.15,1,-0.0807,64.12,High,Potential insider scan detected at Bengaluru_Fleet_HQ via Driver_Tablet
LOGSEC-02788,2026-12-15 09:00:00,Delhi_Distribution_Center,IoT_Scanner,99.25663655504785,normal,malware_beaconing,0,54.91,1,-0.0756,64.05,High,Potential malware beaconing detected at Delhi_Distribution_Center via IoT_Scanner
LOGSEC-02063,2026-09-15 18:00:00,Chennai_Warehouse,Fleet_Gateway,235.22291326704274,insider_scan,insider_scan,1,71.14,1,-0.1049,64.01,High,Potential insider scan detected at Chennai_Warehouse via Fleet_Gateway
LOGSEC-03528,2027-03-17 21:00:00,Chennai_Warehouse,IoT_Scanner,268.53282890065816,insider_scan,insider_scan,1,82.84,1,-0.0804,64.0,High,Potential insider scan detected at Chennai_Warehouse via IoT_Scanner
LOGSEC-03533,2027-03-18 12:00:00,Chennai_Warehouse,IoT_Scanner,81.53631777084529,brute_force,brute_force,1,83.9,1,-0.0555,63.99,High,Potential brute force detected at Chennai_Warehouse via IoT_Scanner
LOGSEC-00048,2026-01-06 21:00:00,Mumbai_Hub,Fleet_Gateway,152.9680346317196,normal,malware_beaconing,0,58.69,1,-0.1444,63.98,High,Potential malware beaconing detected at Mumbai_Hub via Fleet_Gateway
LOGSEC-02041,2026-09-13 00:00:00,Pune_CrossDock,Warehouse_Server,159.17895610150387,brute_force,brute_force,1,75.03,1,-0.0885,63.96,High,Potential brute force detected at Pune_CrossDock via Warehouse_Server
LOGSEC-00271,2026-02-03 18:00:00,Bengaluru_Fleet_HQ,Fleet_Gateway,72.70696783482286,malware_beaconing,brute_force,1,90.87,1,-0.0639,63.96,High,Potential brute force detected at Bengaluru_Fleet_HQ via Fleet_Gateway
LOGSEC-00125,2026-01-16 12:00:00,Bengaluru_Fleet_HQ,Driver_Tablet,75.7117363267891,brute_force,brute_force,1,95.32,1,-0.0398,63.94,High,Potential brute force detected at Bengaluru_Fleet_HQ via Driver_Tablet
LOGSEC-01614,2026-07-21 15:00:00,Chennai_Warehouse,Dispatch_Console,172.10930050061341,normal,malware_beaconing,0,60.17,1,-0.0969,63.91,High,Potential malware beaconing detected at Chennai_Warehouse via Dispatch_Console
LOGSEC-03065,2027-01-19 00:00:00,Chennai_Warehouse,IoT_Scanner,142.20260714067814,brute_force,brute_force,1,78.29,1,-0.0737,63.83,High,Potential brute force detected at Chennai_Warehouse via IoT_Scanner
LOGSEC-03494,2027-03-13 15:00:00,Delhi_Distribution_Center,Warehouse_Server,194.84227377908582,insider_scan,insider_scan,1,76.84,1,-0.1003,63.81,High,Potential insider scan detected at Delhi_Distribution_Center via Warehouse_Server
LOGSEC-02295,2026-10-14 18:00:00,Pune_CrossDock,IoT_Scanner,112.00900871805305,normal,malware_beaconing,0,69.43,1,-0.1137,63.8,High,Potential malware beaconing detected at Pune_CrossDock via IoT_Scanner
LOGSEC-00203,2026-01-26 06:00:00,Chennai_Warehouse,IoT_Scanner,109.4049078634475,brute_force,brute_force,1,89.01,1,-0.0633,63.78,High,Potential brute force detected at Chennai_Warehouse via IoT_Scanner
LOGSEC-03281,2027-02-15 00:00:00,Mumbai_Hub,Dispatch_Console,201.6869003757225,insider_scan,insider_scan,1,70.34,1,-0.0983,63.78,High,Potential insider scan detected at Mumbai_Hub via Dispatch_Console
LOGSEC-00584,2026-03-14 21:00:00,Delhi_Distribution_Center,Warehouse_Server,184.0073403021246,normal,insider_scan,0,82.14,1,-0.1165,63.76,High,Potential insider scan detected at Delhi_Distribution_Center via Warehouse_Server
LOGSEC-03689,2027-04-07 00:00:00,Bengaluru_Fleet_HQ,Warehouse_Server,144.2757159269499,malware_beaconing,malware_beaconing,1,71.26,1,-0.0944,63.74,High,Potential malware beaconing detected at Bengaluru_Fleet_HQ via Warehouse_Server
LOGSEC-03840,2027-04-25 21:00:00,Mumbai_Hub,Driver_Tablet,190.92392857756187,insider_scan,insider_scan,1,69.63,1,-0.0865,63.64,High,Potential insider scan detected at Mumbai_Hub via Driver_Tablet
LOGSEC-03860,2027-04-28 09:00:00,Delhi_Distribution_Center,IoT_Scanner,89.48124808744363,brute_force,brute_force,1,83.66,1,-0.0667,63.58,High,Potential brute force detected at Delhi_Distribution_Center via IoT_Scanner
LOGSEC-00358,2026-02-14 15:00:00,Pune_CrossDock,IoT_Scanner,229.679413903265,insider_scan,insider_scan,1,80.64,1,-0.0815,63.57,High,Potential insider scan detected at Pune_CrossDock via IoT_Scanner
LOGSEC-03525,2027-03-17 12:00:00,Bengaluru_Fleet_HQ,Warehouse_Server,98.26471152331511,normal,brute_force,0,85.37,1,-0.095,63.51,High,Potential brute force detected at Bengaluru_Fleet_HQ via Warehouse_Server
LOGSEC-00737,2026-04-03 00:00:00,Mumbai_Hub,Warehouse_Server,150.4997366201253,malware_beaconing,insider_scan,1,80.83,1,-0.0625,63.4,High,Potential insider scan detected at Mumbai_Hub via Warehouse_Server
LOGSEC-01478,2026-07-04 15:00:00,Delhi_Distribution_Center,Driver_Tablet,89.2175028543006,malware_beaconing,malware_beaconing,1,59.21,1,-0.1062,63.33,High,Potential malware beaconing detected at Delhi_Distribution_Center via Driver_Tablet
LOGSEC-00537,2026-03-09 00:00:00,Pune_CrossDock,Dispatch_Console,96.23377911774396,brute_force,brute_force,1,88.34,1,-0.0714,63.33,High,Potential brute force detected at Pune_CrossDock via Dispatch_Console
LOGSEC-00795,2026-04-10 06:00:00,Bengaluru_Fleet_HQ,Driver_Tablet,52.574100878720984,brute_force,brute_force,1,77.66,1,-0.0593,63.33,High,Potential brute force detected at Bengaluru_Fleet_HQ via Driver_Tablet
LOGSEC-02869,2026-12-25 12:00:00,Chennai_Warehouse,Warehouse_Server,164.3109346083901,data_exfiltration,data_exfiltration,1,72.69,1,-0.0916,63.26,High,Potential data exfiltration detected at Chennai_Warehouse via Warehouse_Server
LOGSEC-03883,2027-05-01 06:00:00,Bengaluru_Fleet_HQ,Fleet_Gateway,132.3110518266655,insider_scan,insider_scan,1,70.27,1,-0.0789,63.22,High,Potential insider scan detected at Bengaluru_Fleet_HQ via Fleet_Gateway
LOGSEC-03509,2027-03-15 12:00:00,Mumbai_Hub,Warehouse_Server,238.02363800468987,malware_beaconing,insider_scan,1,66.92,1,-0.1055,63.2,High,Potential insider scan detected at Mumbai_Hub via Warehouse_Server
LOGSEC-00276,2026-02-04 09:00:00,Pune_CrossDock,Driver_Tablet,224.5572939614848,normal,insider_scan,0,78.0,1,-0.1022,63.1,High,Potential insider scan detected at Pune_CrossDock via Driver_Tablet
LOGSEC-03148,2027-01-29 09:00:00,Chennai_Warehouse,Driver_Tablet,95.55587297410355,normal,brute_force,0,90.5,1,-0.045,63.01,High,Potential brute force detected at Chennai_Warehouse via Driver_Tablet
LOGSEC-01112,2026-05-19 21:00:00,Delhi_Distribution_Center,IoT_Scanner,201.3649465628834,insider_scan,insider_scan,1,76.19,1,-0.0809,63.01,High,Potential insider scan detected at Delhi_Distribution_Center via IoT_Scanner
LOGSEC-02936,2027-01-02 21:00:00,Chennai_Warehouse,IoT_Scanner,190.73912831878667,insider_scan,insider_scan,1,80.12,1,-0.0962,62.96,High,Potential insider scan detected at Chennai_Warehouse via IoT_Scanner
LOGSEC-01708,2026-08-02 09:00:00,Bengaluru_Fleet_HQ,IoT_Scanner,291.42145100037465,insider_scan,insider_scan,1,39.93,1,-0.1147,62.77,High,Potential insider scan detected at Bengaluru_Fleet_HQ via IoT_Scanner
LOGSEC-01754,2026-08-08 03:00:00,Delhi_Distribution_Center,Fleet_Gateway,150.95980841058068,dos,insider_scan,1,64.5,1,-0.1026,62.74,High,Potential insider scan detected at Delhi_Distribution_Center via Fleet_Gateway
LOGSEC-02201,2026-10-03 00:00:00,Mumbai_Hub,Warehouse_Server,290.91702491286,insider_scan,insider_scan,1,64.63,1,-0.1277,62.73,High,Potential insider scan detected at Mumbai_Hub via Warehouse_Server
LOGSEC-01436,2026-06-29 09:00:00,Pune_CrossDock,Warehouse_Server,115.45510470903814,brute_force,brute_force,1,85.85,1,-0.0833,62.7,High,Potential brute force detected at Pune_CrossDock via Warehouse_Server
LOGSEC-02019,2026-09-10 06:00:00,Bengaluru_Fleet_HQ,Driver_Tablet,81.22192125099505,brute_force,brute_force,1,58.13,1,-0.1227,62.7,High,Potential brute force detected at Bengaluru_Fleet_HQ via Driver_Tablet
LOGSEC-03570,2027-03-23 03:00:00,Mumbai_Hub,Driver_Tablet,213.8482201747838,data_exfiltration,data_exfiltration,1,76.15,1,-0.0921,62.7,High,Potential data exfiltration detected at Mumbai_Hub via Driver_Tablet
LOGSEC-02012,2026-09-09 09:00:00,Delhi_Distribution_Center,Driver_Tablet,63.15692954670036,brute_force,brute_force,1,77.44,1,-0.0877,62.38,High,Potential brute force detected at Delhi_Distribution_Center via Driver_Tablet
LOGSEC-03951,2027-05-09 18:00:00,Delhi_Distribution_Center,Fleet_Gateway,129.48326124352295,brute_force,brute_force,1,70.2,1,-0.0952,62.25,High,Potential brute force detected at Delhi_Distribution_Center via Fleet_Gateway
LOGSEC-03986,2027-05-14 03:00:00,Delhi_Distribution_Center,Dispatch_Console,118.44335502438938,brute_force,brute_force,1,88.22,1,-0.0366,62.24,High,Potential brute force detected at Delhi_Distribution_Center via Dispatch_Console
LOGSEC-02680,2026-12-01 21:00:00,Pune_CrossDock,Dispatch_Console,89.4618000534568,malware_beaconing,malware_beaconing,1,70.06,1,-0.0969,62.2,High,Potential malware beaconing detected at Pune_CrossDock via Dispatch_Console
LOGSEC-02172,2026-09-29 09:00:00,Bengaluru_Fleet_HQ,Warehouse_Server,141.99604318185382,brute_force,brute_force,1,81.43,1,-0.0531,62.18,High,Potential brute force detected at Bengaluru_Fleet_HQ via Warehouse_Server
LOGSEC-03729,2027-04-12 00:00:00,Mumbai_Hub,Dispatch_Console,95.90304317445452,brute_force,brute_force,1,84.85,1,-0.0743,62.17,High,Potential brute force detected at Mumbai_Hub via Dispatch_Console
LOGSEC-00565,2026-03-12 12:00:00,Pune_CrossDock,Driver_Tablet,196.93291596360325,malware_beaconing,malware_beaconing,1,69.44,1,-0.0733,62.04,High,Potential malware beaconing detected at Pune_CrossDock via Driver_Tablet
